{"chunk_definitions":[{"chunk_id":"csetup_chunk","chunk_label":"setup","document_id":"6DDCA1FB","expansion_state":0,"options":{"engine":"r","include":false,"label":"setup"},"row":19,"row_count":1,"visible":true},{"chunk_id":"c9q3aobtang43","chunk_label":"packages","document_id":"6DDCA1FB","expansion_state":0,"options":{"echo":false,"engine":"r","label":"packages"},"row":30,"row_count":1,"visible":true},{"chunk_id":"c0vhwbhoklqp1","chunk_label":"data","document_id":"6DDCA1FB","expansion_state":0,"options":{"echo":false,"engine":"r","label":"data"},"row":39,"row_count":1,"visible":true},{"chunk_id":"cjfcqjp3ypeny","chunk_label":"summary","document_id":"6DDCA1FB","expansion_state":0,"options":{"echo":false,"engine":"r","label":"summary"},"row":48,"row_count":1,"visible":true},{"chunk_id":"cqgynkudfgpw0","chunk_label":"unnamed-chunk-1","document_id":"6DDCA1FB","expansion_state":0,"options":{"echo":false,"engine":"r","label":"unnamed-chunk-2"},"row":62,"row_count":1,"visible":true},{"chunk_id":"c2oxxmjcgez7k","chunk_label":"unnamed-chunk-2","document_id":"6DDCA1FB","expansion_state":0,"options":{"echo":false,"engine":"r","label":"unnamed-chunk-3"},"row":84,"row_count":1,"visible":true},{"chunk_id":"c1g0s7wfdlb2i","chunk_label":"unigrams","document_id":"6DDCA1FB","expansion_state":0,"options":{"echo":false,"engine":"r","label":"unigrams"},"row":98,"row_count":1,"visible":true},{"chunk_id":"cvcwts7ph5y4s","chunk_label":"bigrams","document_id":"6DDCA1FB","expansion_state":0,"options":{"echo":false,"engine":"r","label":"bigrams"},"row":111,"row_count":1,"visible":true},{"chunk_id":"ciijddstlo2vj","chunk_label":"trigrams","document_id":"6DDCA1FB","expansion_state":0,"options":{"echo":false,"engine":"r","label":"trigrams"},"row":124,"row_count":1,"visible":true},{"chunk_id":"cmg3vyf6fb2lz","chunk_label":"quadgrams","document_id":"6DDCA1FB","expansion_state":0,"options":{"echo":false,"engine":"r","label":"quadgrams"},"row":136,"row_count":1,"visible":true},{"chunk_id":"c6z2t9e7yq05z","chunk_label":"unnamed-chunk-3","document_id":"6DDCA1FB","expansion_state":0,"options":{"echo":false,"engine":"r","label":"unnamed-chunk-4"},"row":146,"row_count":1,"visible":true}],"default_chunk_options":{"echo":true,"error":false},"doc_write_time":1638253315,"working_dir":null}