"0","#' Word distribution by source"
"0","freq <- tidy_repo %>%"
"0","  count(source, word) %>%"
"0","  group_by(source) %>%"
"0","  mutate(proportion = n / sum(n)) %>%"
"0","  spread(source, proportion) %>%"
"0","  gather(source, proportion, `blogs`:`twitter`) %>%"
"0","  arrange(desc(proportion), desc(n))"
"0","freq %>%"
"0","  filter(proportion > 0.002) %>% "
"0","  mutate(word = reorder(word, proportion)) %>% "
"0","  ggplot(aes(word, proportion)) +"
"0","  geom_col() + "
"0","  xlab(NULL) + "
"0","  coord_flip() +"
"0","  facet_grid(~source, scales = ""free"")"
